,cities,city_name,lats,lngs,max_temp,humidity,cloudiness,wind_speed,country,date
0,ushuaia,Ushuaia,-54.8,-68.3,32,92,20,25.28,AR,1595906256
1,atuona,Atuona,-9.8,-139.03,79.74,71,0,25.7,PF,1595906152
2,arraial do cabo,Arraial do Cabo,-22.97,-42.03,71.62,81,0,24.4,BR,1595906329
3,rikitea,Rikitea,-23.12,-134.97,72.5,82,95,14.09,PF,1595906330
4,faanui,Faanui,-16.48,-151.75,79,80,88,12.97,PF,1595905933
5,saint george,Saint George,37.1,-113.58,100.4,11,1,17.22,US,1595905743
6,jamestown,Jamestown,42.1,-79.24,73,94,75,8.05,US,1595906155
7,cherskiy,Cherskiy,68.75,161.3,50.41,47,27,10.47,RU,1595906333
8,butaritari,Butaritari,3.07,172.79,83.17,78,100,11.54,KI,1595906334
9,albany,Albany,42.6,-73.97,82,83,60,5.17,US,1595906102
10,hobart,Hobart,-42.88,147.33,55,71,75,4.7,AU,1595906260
11,tuktoyaktuk,Tuktoyaktuk,69.45,-133.04,57.2,87,90,13.87,CA,1595906336
12,gberia fotombu,Gberia Fotombu,9.88,-11.17,68.43,98,100,5.66,SL,1595906336
13,zhezkazgan,Zhezkazgan,47.8,67.71,64.4,72,75,13.42,KZ,1595906337
14,sayansk,Sayansk,54.11,102.16,67.98,59,18,4.68,RU,1595906337
15,new norfolk,New Norfolk,-42.78,147.06,54,87,43,1.59,AU,1595906337
16,illoqqortoormiut,,,,,,,,,
17,esperance,Esperance,-33.87,121.9,59,87,27,11.41,AU,1595906338
18,hithadhoo,Hithadhoo,-0.6,73.08,82.87,78,100,14.05,MV,1595906184
19,airai,Airai,-8.93,125.41,70.38,53,95,4.65,TL,1595906339
20,chuy,Chui,-33.7,-53.46,46.6,78,100,8.9,UY,1595906164
21,vao,Vao,-22.67,167.48,71.6,80,84,19.86,NC,1595906223
22,taunggyi,Taunggyi,20.78,97.03,68.88,95,100,0.96,MM,1595906340
23,palembang,Palembang,-2.92,104.75,84.2,74,20,6.93,ID,1595906071
24,lompoc,Lompoc,34.64,-120.46,62.6,77,0,12.75,US,1595906341
25,vaini,Vaini,-21.2,-175.2,71.6,83,75,12.75,TO,1595906341
26,hilo,Hilo,19.73,-155.09,82.4,65,75,6.93,US,1595906341
27,rio brilhante,Rio Brilhante,-21.8,-54.55,67.8,54,0,2.62,BR,1595906342
28,kushmurun,Kushmurun,52.45,64.63,61.81,72,0,11.86,KZ,1595906342
29,barrow,Barrow,71.29,-156.79,39.2,80,90,19.46,US,1595905930
30,carnarvon,Carnarvon,-24.87,113.63,71.6,56,0,14.99,AU,1595906343
31,ikongo,Ikongo,-21.88,47.43,59.32,90,51,1.9,MG,1595906343
32,port alfred,Port Alfred,-33.59,26.89,55.42,62,0,7.23,ZA,1595906344
33,roebourne,Roebourne,-20.78,117.13,76.89,22,22,15.5,AU,1595906344
34,kodiak,Saint Paul Harbor,57.79,-152.41,60.8,72,75,5.82,US,1595906344
35,likhoslavl,Likhoslavl',57.13,35.46,60.22,96,0,3.06,RU,1595906345
36,kidal,Kidal,18.44,1.41,82.99,56,99,13.53,ML,1595906345
37,avarua,Avarua,-21.21,-159.78,73.4,73,23,8.05,CK,1595906345
38,lebu,Lebu,-37.62,-73.65,44.06,77,0,11.5,CL,1595906346
39,yatou,Yatou,37.15,122.38,77.52,73,8,5.82,CN,1595906346
40,namibe,Mossamedes,-15.2,12.15,64.09,77,0,4.88,AO,1595906346
41,pevek,Pevek,69.7,170.31,35.31,86,0,11.45,RU,1595906347
42,punta arenas,Punta Arenas,-53.15,-70.92,35.6,64,61,17.22,CL,1595906347
43,don benito,Don Benito,38.96,-5.86,70,74,6,3,ES,1595906348
44,laytown,Laytown,53.68,-6.24,53.01,93,75,13.87,IE,1595906348
45,utiroa,,,,,,,,,
46,warqla,,,,,,,,,
47,chokurdakh,Chokurdakh,70.63,147.92,50.05,56,100,4.63,RU,1595906349
48,lao cai,Lao Cai,22.48,103.95,77.41,80,100,1.12,VN,1595906350
49,bud,Bud,39.45,-86.18,73,99,100,7.2,US,1595906180
50,morros,Morros,-9.45,-46.3,68.54,55,0,6.67,BR,1595906350
51,kapaa,Kapaa,22.08,-159.32,80.6,74,90,18.34,US,1595906351
52,east london,East London,-33.02,27.91,55.81,59,0,5.82,ZA,1595906351
53,kaitangata,Kaitangata,-46.28,169.85,48.99,67,100,1.99,NZ,1595906171
54,tessalit,Tessalit,20.2,1.01,83.7,50,50,1.61,ML,1595906352
55,saint-philippe,Saint-Philippe,-21.36,55.77,68,82,90,5.82,RE,1595906352
56,glarus,Glarus,47.04,9.07,70,73,2,4.41,CH,1595906352
57,zyryanka,Zyryanka,65.75,150.85,71.65,51,49,16.4,RU,1595906353
58,djibo,Djibo,14.1,-1.63,77.27,81,100,16.24,BF,1595906353
59,nikolskoye,Nikolskoye,59.7,30.79,60.01,82,58,4.47,RU,1595906354
60,sao joaquim,São Joaquim,-28.29,-49.93,51.49,98,65,4.65,BR,1595906355
61,mataura,Mataura,-46.19,168.86,48.99,82,100,2.28,NZ,1595906355
62,nyurba,Nyurba,63.28,118.33,59.56,57,100,8.59,RU,1595906355
63,mehamn,Mehamn,71.04,27.85,66.2,59,0,9.17,NO,1595906356
64,magadan,Magadan,59.57,150.8,62.73,77,96,6.11,RU,1595906356
65,daru,Daru,-9.08,143.21,79.27,83,66,15.14,PG,1595906357
66,qaqortoq,Qaqortoq,60.72,-46.03,46.4,87,100,3.36,GL,1595906357
67,batagay-alyta,Batagay-Alyta,67.8,130.41,56.95,50,94,4.38,RU,1595906245
68,talnakh,Talnakh,69.49,88.4,59,44,0,11.18,RU,1595906358
69,hami,Kumul,42.8,93.45,87.49,22,88,14.54,CN,1595906358
70,florianopolis,Florianópolis,-27.61,-48.5,64.4,93,73,6.93,BR,1595906154
71,naze,Naze,28.37,129.48,91.4,75,20,11.41,JP,1595906359
72,bethel,Bethel,41.37,-73.41,82.99,61,1,9.17,US,1595906166
73,atbasar,Atbasar,51.8,68.33,60.93,74,99,12.53,KZ,1595906360
74,bambanglipuro,Bambanglipuro,-7.95,110.28,81.93,63,7,14.79,ID,1595906361
75,kandrian,Kandrian,-6.22,149.55,82.89,79,87,7.38,PG,1595906367
76,tsihombe,,,,,,,,,
77,severo-kurilsk,Severo-Kuril'sk,50.68,156.12,55.4,81,58,17.43,RU,1595906368
78,vitim,Vitim,59.45,112.56,58.62,91,100,9.33,RU,1595906368
79,coquimbo,Coquimbo,-29.95,-71.34,51.8,87,0,3.36,CL,1595906369
80,khudumelapye,Khudumelapye,-23.88,24.75,41.76,76,0,7.45,BW,1595906370
81,belushya guba,,,,,,,,,
82,lucapa,Lucapa,-8.42,20.74,59.7,46,0,4.32,AO,1595906371
83,yellowknife,Yellowknife,62.46,-114.35,66.99,88,75,8.05,CA,1595906372
84,manaus,Manaus,-3.1,-60.02,80.6,74,40,1.81,BR,1595906372
85,tabou,Tabou,4.42,-7.35,74.61,83,100,9.31,CI,1595906373
86,thompson,Thompson,55.74,-97.86,59,77,75,5.82,CA,1595906375
87,boundiali,Boundiali,9.52,-6.49,68.81,97,91,4.16,CI,1595906375
88,kabinda,Kabinda,-6.13,24.48,63.43,40,0,2.15,CD,1595906375
89,bandarbeyla,Bandarbeyla,9.49,50.81,79.92,68,0,20.56,SO,1595906376
90,lasa,Laas,46.62,10.7,61,93,5,5.82,IT,1595906376
91,itapuranga,Itapuranga,-15.56,-49.95,69.44,45,39,5.12,BR,1595906377
92,isla vista,Isla Vista,34.41,-119.86,73,77,1,6.82,US,1595906377
93,salalah,Salalah,17.02,54.09,78.8,100,75,6.93,OM,1595906118
94,puerto ayora,Puerto Ayora,-0.74,-90.35,66,97,87,4,EC,1595906189
95,tak bai,Tak Bai,6.26,102.05,86,70,20,4.7,TH,1595906379
96,mar del plata,Mar del Plata,-38,-57.56,41,86,20,9.17,AR,1595906230
97,raga,Raja,8.46,25.68,68.7,95,100,6.22,SS,1595906217
98,dubai,Dubai,25.26,55.3,96.8,41,12,8.05,AE,1595906166
99,bunia,Bunia,1.57,30.25,61.03,89,17,1.97,CD,1595906380
100,antsohihy,Antsohihy,-14.88,47.99,71.91,69,56,7.09,MG,1595906381
101,palana,Palana,59.12,159.97,54.93,85,13,17.4,RU,1595906381
102,cape town,Cape Town,-33.93,18.42,57.99,87,1,12.75,ZA,1595906382
103,kihei,Kīhei,20.79,-156.47,86,51,20,27.51,US,1595906383
104,shahr-e kord,Shahr-e Kord,32.33,50.86,64.4,45,20,2.24,IR,1595906384
105,chara,Chara,56.91,118.26,79.09,50,94,2.62,RU,1595906384
106,sorong,Sorong,-0.88,131.25,83.03,77,90,4.5,ID,1595906317
107,thinadhoo,Thinadhoo,0.53,72.93,82.53,76,99,8.34,MV,1595906218
108,saskylakh,Saskylakh,71.92,114.08,56.46,55,53,10.25,RU,1595906386
109,mount gambier,Mount Gambier,-37.83,140.77,55.4,76,75,5.82,AU,1595906386
110,kavieng,Kavieng,-2.57,150.8,83.61,76,56,10.54,PG,1595906386
111,kerema,Kerema,-7.96,145.78,81.39,81,98,5.41,PG,1595906387
112,finote selam,Finote Selam,10.7,37.27,56.53,91,100,2.3,ET,1595906388
113,havre-saint-pierre,Havre-St-Pierre,50.23,-63.6,60.8,93,90,13.87,CA,1595906388
114,lavrentiya,Lavrentiya,65.58,-171,47.93,80,93,13.85,RU,1595906162
115,bredasdorp,Bredasdorp,-34.53,20.04,39.2,93,0,2.24,ZA,1595906389
116,barentsburg,,,,,,,,,
117,saleaula,,,,,,,,,
118,tautira,Tautira,-17.73,-149.15,80.6,74,40,14.99,PF,1595906390
119,cayenne,Cayenne,4.93,-52.33,75.2,100,88,7.74,GF,1595906391
120,nanortalik,Nanortalik,60.14,-45.24,46.15,95,100,4.45,GL,1595906391
121,busselton,Busselton,-33.65,115.33,63,98,98,10.38,AU,1595906321
122,christchurch,Christchurch,-43.53,172.63,48.99,93,100,11.41,NZ,1595906392
123,chagda,,,,,,,,,
124,bani,Baní,18.28,-70.33,81,79,23,5.01,DO,1595906393
125,bambous virieux,Bambous Virieux,-20.34,57.76,68,93,40,5.82,MU,1595906394
126,padang,Padang,-0.95,100.35,81.91,70,100,6.53,ID,1595906394
127,koslan,Koslan,63.46,48.9,66.25,68,18,4.41,RU,1595906395
128,pulivendla,Pulivendla,14.42,78.23,82.4,74,75,11.41,IN,1595906395
129,taolanaro,,,,,,,,,
130,kamenskoye,,,,,,,,,
131,palmer,Palmer,42.16,-72.33,84.2,54,75,5.82,US,1595906397
132,amderma,,,,,,,,,
133,ilulissat,Ilulissat,69.22,-51.1,41,86,99,5.82,GL,1595906398
134,victoria,Hong Kong,22.29,114.16,93.2,46,20,10.29,HK,1595906375
135,tchibanga,Tchibanga,-2.85,11.03,64.78,97,5,1.52,GA,1595906398
136,isangel,Isangel,-19.55,169.27,82.4,69,75,10.29,VU,1595906399
137,tura,Tura,25.52,90.22,79.18,92,100,4.72,IN,1595906399
138,georgetown,George Town,5.41,100.34,87.8,62,20,11.41,MY,1595906257
139,fairbanks,Fairbanks,64.84,-147.72,59,82,90,5.82,US,1595906316
140,luderitz,Lüderitz,-26.65,15.16,51.8,93,0,5.82,NA,1595906400
141,alunitdag,,,,,,,,,
142,mys shmidta,,,,,,,,,
143,matara,Matara,5.95,80.54,79.39,85,100,7.72,LK,1595906402
144,quang ngai,Quang Ngai,15.12,108.8,95.63,44,15,1.61,VN,1595906232
145,tiksi,Tiksi,71.69,128.87,40.14,85,100,17.07,RU,1595906403
146,westport,Westport,41.14,-73.36,87.01,74,1,8.05,US,1595906181
147,tuatapere,Tuatapere,-46.13,167.68,48.99,82,100,2.53,NZ,1595906404
148,ngunguru,Ngunguru,-35.62,174.5,60.01,3,79,7,NZ,1595906404
149,verkhnyaya inta,Verkhnyaya Inta,65.98,60.31,57.83,62,0,8.03,RU,1595906405
150,gigmoto,Gigmoto,13.78,124.39,84.16,78,100,6.76,PH,1595906405
151,jiuquan,Jiuquan,39.74,98.52,89.4,15,0,11.54,CN,1595906405
152,mezen,Mezen',65.85,44.24,58.62,76,33,4.07,RU,1595906406
153,moussoro,Moussoro,13.64,16.49,83.93,57,55,10.71,TD,1595906406
154,ambovombe,Ambovombe,-25.17,46.08,61.48,79,0,3.49,MG,1595906406
155,sataua,,,,,,,,,
156,portland,Portland,45.52,-122.68,90,38,40,6.93,US,1595905679
157,diamantino,Diamantino,-14.41,-56.45,72.14,33,0,6.46,BR,1595906407
158,komsomolskiy,Yangi Marg`ilon,40.43,71.72,82.4,39,85,4.7,UZ,1595906303
159,emba,Emba,48.83,58.14,64.02,67,0,13.89,KZ,1595906408
160,port elizabeth,Port Elizabeth,-33.92,25.57,46.4,87,0,3.36,ZA,1595906212
161,bluff,Bluff,-46.6,168.33,48.99,81,100,4.41,NZ,1595906409
162,cuenca,Cuenca,-2.88,-78.98,51.8,87,13,2.24,EC,1595906409
163,vaitupu,,,,,,,,,
164,phaltan,Phaltan,17.98,74.43,77.27,74,98,6.78,IN,1595906409
165,san felipe,San Felipe,10.34,-68.74,71.83,92,100,0.85,VE,1595906410
166,manokwari,Manokwari,-0.87,134.08,81.52,75,98,2.77,ID,1595906158
167,guarapari,Guarapari,-20.67,-40.5,64.4,93,0,2.24,BR,1595906199
168,pringsewu,Pringsewu,-5.36,104.97,85.14,55,66,1.5,ID,1595906411
169,kaseda,Kaseda-shirakame,31.42,130.32,86,74,75,9.17,JP,1595906412
170,cabo san lucas,Cabo San Lucas,22.89,-109.91,86,69,40,11.41,MX,1595906126
171,esmeraldas,Esmeraldas,-19.76,-44.31,64.4,82,0,3.36,BR,1595906412
172,verkhozim,Verkhozim,52.71,45.42,61,55,0,4.09,RU,1595906413
173,yuci,Yuci,37.68,112.73,75.2,64,35,4.47,CN,1595906414
174,goldap,Gołdap,54.31,22.3,57.43,93,100,2.57,PL,1595906414
175,takoradi,Takoradze,4.88,-1.76,74.07,87,100,11.43,GH,1595906415
176,honningsvag,Honningsvåg,70.98,25.97,66.2,59,0,9.17,NO,1595906415
177,deputatskiy,Deputatsky,69.3,139.9,48.42,64,99,7.18,RU,1595906416
178,hirara,Hirara,24.8,125.28,89.6,66,40,12.75,JP,1595906416
179,minas,Minas,-34.38,-55.24,48,67,100,11.01,UY,1595906227
180,berlevag,Berlevåg,70.86,29.09,66.2,59,0,9.17,NO,1595906417
181,pangnirtung,Pangnirtung,66.15,-65.71,57.36,52,100,4.65,CA,1595906222
182,hasaki,Hasaki,35.73,140.83,86,79,75,13.87,JP,1595906188
183,port blair,Port Blair,11.67,92.75,84.11,77,100,12.93,IN,1595906418
184,morant bay,Morant Bay,17.88,-76.41,82.99,83,20,5.82,JM,1595906418
185,eskisehir,Eskişehir,39.78,30.52,66.2,68,0,8.05,TR,1595906418
186,bara,Bara,10.37,10.73,72.37,92,67,7.11,NG,1595906419
187,nizhneyansk,,,,,,,,,
188,havelock,Havelock,34.88,-76.9,84.99,74,75,12.75,US,1595906255
189,grand river south east,,,,,,,,,
190,port augusta,Port Augusta,-32.5,137.77,57.2,50,53,3.36,AU,1595906420
191,middelkerke,Middelkerke,51.16,2.84,62.6,88,75,14.99,BE,1595906421
192,tel aviv-yafo,Tel Aviv-Yafo,32.08,34.78,78.8,78,0,3.36,IL,1595906347
193,dukat,Dukat,62.55,155.55,75.36,34,4,16.91,RU,1595906421
194,okulovka,Okulovka,58.4,33.29,59.05,93,41,3.96,RU,1595906422
195,vardo,Vardø,70.37,31.11,55.4,87,0,5.82,NO,1595906216
196,hermanus,Hermanus,-34.42,19.23,43,95,0,6.71,ZA,1595906422
197,san patricio,San Patricio,19.22,-104.7,79.43,77,96,0.87,MX,1595906423
198,atherton,Atherton,53.52,-2.49,57,75,40,7,GB,1595906305
199,alcala de guadaira,Alcalá de Guadaira,37.34,-5.84,75.2,83,0,3.36,ES,1595906424
200,maneadero,Rodolfo Sánchez Taboada,31.72,-116.57,68,87,23,4,MX,1595906178
201,chifeng,Chifeng,42.27,118.96,80.87,50,62,11.25,CN,1595906425
202,tinskoy,Tinskoy,56.15,96.92,71.47,59,90,1.88,RU,1595906425
203,atar,Atar,20.52,-13.05,88.74,41,38,17.4,MR,1595906426
204,trincomalee,Trincomalee,8.57,81.23,78.44,83,100,14.76,LK,1595906426
205,khatanga,Khatanga,71.97,102.5,55.71,52,0,5.37,RU,1595906427
206,sumenep,Sumenep,-7.02,113.87,84.49,56,25,13.78,ID,1595906428
207,marsh harbour,Marsh Harbour,26.54,-77.06,82.26,77,43,6.96,BS,1595906429
208,ponta do sol,Ponta do Sol,32.67,-17.1,71.6,68,20,14.99,PT,1595906429
209,haljala,Haljala,59.43,26.26,60.8,87,100,0.92,EE,1595906429
210,manaure,Manaure,11.78,-72.44,81.52,75,12,12.3,CO,1595906163
211,sinkat,,,,,,,,,
212,mandalgovi,Mandalgovi,45.76,106.27,70.41,38,0,12.12,MN,1595906430
213,samalaeulu,,,,,,,,,
214,rolim de moura,,,,,,,,,
215,ust-kulom,Ust'-Kulom,61.69,53.69,67.06,63,63,2.04,RU,1595906432
216,saint anthony,Saint Anthony,45.02,-93.22,75.99,56,1,5.82,US,1595906432
217,provideniya,Provideniya,64.38,-173.3,53.6,81,75,11.18,RU,1595906433
218,mahebourg,Mahébourg,-20.41,57.7,64.4,93,40,5.82,MU,1595906433
219,dikson,Dikson,73.51,80.55,41.27,79,49,14.29,RU,1595906433
220,tehuantepec,,,,,,,,,
221,naifaru,Naifaru,5.44,73.37,81.57,78,31,11.72,MV,1595906252
222,margate,Margate,51.38,1.39,61,73,32,1.01,GB,1595906434
223,bay roberts,Bay Roberts,47.6,-53.26,57.99,1,90,2.64,CA,1595906434
224,katsuura,Katsuura,35.13,140.3,84,94,75,25.28,JP,1595906435
225,longyearbyen,Longyearbyen,78.22,15.64,64.4,48,99,11.41,SJ,1595906435
226,nuevo casas grandes,Nuevo Casas Grandes,30.42,-107.92,78.01,52,43,9.66,MX,1595906436
227,krasnoselkup,Krasnosel'kup,65.7,82.47,57.58,62,91,14.61,RU,1595906436
228,tomatlan,Tomatlán,19.93,-105.25,76.73,90,100,1.43,MX,1595906287
229,sao jose da coroa grande,São José da Coroa Grande,-8.9,-35.15,74.5,76,39,11.18,BR,1595906439
230,olafsvik,Olafsvik,64.89,-23.71,47.84,77,78,4.7,IS,1595906440
231,acapulco,Acapulco de Juárez,16.86,-99.89,77,94,90,14.99,MX,1595906442
232,upernavik,Upernavik,72.79,-56.15,44.42,86,95,4.88,GL,1595906283
233,port macquarie,Port Macquarie,-31.43,152.92,68,57,84,3,AU,1595906442
234,johi,Johi,26.69,67.61,93.69,54,0,10.71,PK,1595906443
235,cullman,Cullman,34.17,-86.84,75.99,100,1,2.39,US,1595906443
236,san cristobal,San Cristobal,7.77,-72.22,67.41,81,52,0.78,VE,1595906444
237,etchoropo,Etchoropo,26.77,-109.67,89.01,60,83,11.01,MX,1595906444
238,sunnyside,Sunnyside,46.32,-120.01,91.99,51,1,5.82,US,1595906445
239,bayburt,Bayburt,40.26,40.23,63.21,56,0,2.28,TR,1595906445
240,castro,Castro,-24.79,-50.01,57.42,78,69,3.71,BR,1595906166
241,madimba,Madimba,-10.4,40.33,69.8,88,40,17.22,TZ,1595906446
242,gemunden,Gemünden am Main,50.05,9.7,71.01,85,1,4.65,DE,1595906446
243,surt,Sirte,31.21,16.59,74.46,79,0,5.01,LY,1595906447
244,vanimo,Vanimo,-2.67,141.3,86.04,61,49,7.58,PG,1595906447
245,joaima,Joaíma,-16.65,-41.03,62.58,90,5,1.28,BR,1595906448
246,labuan,Labuan,5.28,115.24,86,79,40,4.7,MY,1595906448
247,lavumisa,Lavumisa,-27.31,31.89,57.2,100,47,1.12,SZ,1595906448
248,muisne,Muisne,0.6,-80.03,73.51,88,100,7.74,EC,1595906448
249,imbituba,Imbituba,-28.24,-48.67,64.4,93,64,6.93,BR,1595906449
250,acarau,Acaraú,-2.89,-40.12,76.14,84,0,12.59,BR,1595906449
251,payson,Payson,40.04,-111.73,77,47,1,3.58,US,1595906180
252,ngukurr,,,,,,,,,
253,zhigansk,Zhigansk,66.77,123.37,54.97,65,41,17.67,RU,1595906450
254,torbay,Torbay,47.67,-52.73,57.99,100,90,10.29,CA,1595906451
255,roma,Rome,43.21,-75.46,75.2,88,20,4.7,US,1595906451
256,faya,Faya,18.39,42.45,64.4,93,75,11.41,SA,1595906452
257,saldanha,Saldanha,-33.01,17.94,46.4,75,0,1.12,ZA,1595906166
258,shujaabad,Shujaabad,29.88,71.29,91.4,66,0,11.41,PK,1595906452
259,am timan,Am Timan,11.03,20.28,73.26,92,100,7.81,TD,1595906453
260,gat,Kiryat Gat,31.61,34.76,78.01,85,0,2.33,IL,1595906453
261,santa cruz de la palma,Santa Cruz de La Palma,28.68,-17.76,73.4,73,90,16.11,ES,1595906454
262,nurobod,Nurobod,40.91,69.8,84.2,35,4,4.7,UZ,1595906454
263,pavino,Pavino,59.11,46.14,61.41,87,15,0.58,RU,1595906455
264,garwa,Garhwa,24.18,83.82,86.5,63,100,4.9,IN,1595906344
265,san juan,San Juan,-31.54,-68.54,46.71,53,2,6.17,AR,1595906259
266,kavaratti,Kavaratti,10.57,72.64,84.2,79,20,6.93,IN,1595906346
267,atasu,Atasū,48.68,71.64,73.35,44,19,9.91,KZ,1595906456
268,kabwe,Kabwe,-14.45,28.45,47.95,79,0,5.53,ZM,1595906457
269,barawe,,,,,,,,,
270,gorele,Görele,41.03,39,77,83,75,5.82,TR,1595906457
271,smithers,Smithers,54.78,-127.17,68,45,75,14.99,CA,1595906458
272,chimbote,Chimbote,-9.09,-78.58,58.62,90,16,5.91,PE,1595906458
273,alofi,Alofi,-19.06,-169.92,77,65,29,17.22,NU,1595906459
274,qaanaaq,Qaanaaq,77.48,-69.36,40.17,70,0,0.94,GL,1595906460
275,san andres,San Andrés,12.58,-81.7,84.2,79,75,11.41,CO,1595906460
276,isiro,Isiro,2.77,27.62,65.46,98,100,0.56,CD,1595906461
277,ajdabiya,Ajdabiya,30.76,20.23,70.16,85,0,8.03,LY,1595906461
278,vicuna,Vicuña,-30.03,-70.71,57,45,1,3.47,CL,1595906462
279,oktyabrskiy,Oktyabr'skiy,54.48,53.47,59.88,82,0,3.78,RU,1595906462
280,buenos aires,Buenos Aires,-34.61,-58.38,44.6,48,70,8.05,AR,1595906462
281,clyde river,Clyde River,70.47,-68.59,41,100,90,12.75,CA,1595906463
282,nuevo progreso,Nuevo Progreso,23.17,-97.95,79,71,100,5.84,MX,1595906463
283,fortuna,Fortuna,40.6,-124.16,57.99,90,92,4.5,US,1595906463
284,larap,Larap,14.3,122.65,85.41,78,100,4.59,PH,1595906464
285,dingle,Dingle,11,122.67,82.33,82,97,1.97,PH,1595906465
286,saint-pierre,Saint-Pierre,-21.34,55.48,68,82,90,5.82,RE,1595906465
287,bocaranga,,,,,,,,,
288,gumdag,Gumdag,39.21,54.59,84.97,55,0,14.09,TM,1595906466
289,lata,Lata,40.16,-8.33,66.99,88,100,1.01,PT,1595906268
290,turmalina,Turmalina,-17.29,-42.73,56.82,95,2,2.3,BR,1595906466
291,nioro,Nioro,13.35,-15.75,76.24,93,100,7.16,GM,1595906467
292,ambon,Ambon City,-3.7,128.18,82,88,75,9.17,ID,1595906178
293,pisco,Pisco,-13.7,-76.22,59,82,20,3.36,PE,1595906468
294,sijunjung,Sijunjung,-0.69,100.95,80.83,63,90,1.61,ID,1595906468
295,fort nelson,Fort Nelson,58.81,-122.7,64.4,72,75,5.82,CA,1595906469
296,bathsheba,Bathsheba,13.22,-59.52,82.4,78,40,13.87,BB,1595906469
297,elliot,Elliot,-31.33,27.85,41.09,64,0,7.25,ZA,1595906470
298,humberto de campos,Humberto de Campos,-2.6,-43.46,75.38,83,2,5.21,BR,1595906470
299,iralaya,Iralaya,15,-83.23,81.41,82,82,15.08,HN,1595906470
300,geraldton,Geraldton,-28.77,114.6,66.2,72,90,11.41,AU,1595906471
301,dubreka,Dubréka,9.79,-13.52,74.95,91,100,4.76,GN,1595906471
302,cap malheureux,Cap Malheureux,-19.98,57.61,68,81,21,1.99,MU,1595906471
303,nalut,Nālūt,30.33,10.85,72.28,40,0,12.03,LY,1595906472
304,maine-soroa,Maïné Soroa,13.21,12.02,80.08,61,60,7.07,NE,1595906472
305,sentyabrskiy,,,,,,,,,
306,kaeo,Kaeo,-35.1,173.78,60.01,3,54,7,NZ,1595906473
307,ormara,Ormara,25.21,64.64,84.76,80,45,16.22,PK,1595906473
308,viransehir,Viranşehir,37.24,39.76,88.93,22,72,5.5,TR,1595906473
309,skalistyy,,,,,,,,,
310,kieta,Kieta,-6.22,155.63,85.01,64,39,3.31,PG,1595906474
311,ceres,Ceres,37.59,-120.96,90,19,1,17.22,US,1595906374
312,burica,,,,,,,,,
313,santa cruz,Santa Cruz de la Sierra,-17.8,-63.17,68,88,0,5.82,BO,1595906475
314,harper,Harper,4.38,-7.72,74.55,83,100,10.04,LR,1595906191
315,tumannyy,,,,,,,,,
316,antalya,Antalya Province,36.77,30.72,75.2,94,40,4.7,TR,1595906321
317,vostok,Vostok,46.49,135.88,79.2,56,22,4.92,RU,1595906477
318,orguz,Orguz,43.77,16.86,57.99,76,0,1.99,BA,1595906478
319,knysna,Knysna,-34.04,23.05,46.4,75,0,3.36,ZA,1595906478
320,murray bridge,Murray Bridge,-35.12,139.27,54,84,87,3.62,AU,1595906406
321,richards bay,Richards Bay,-28.78,32.04,57.18,83,3,6.33,ZA,1595906479
322,attawapiskat,,,,,,,,,
323,ushtobe,Ushtobe,45.25,77.98,85.78,22,100,8.97,KZ,1595906479
324,comodoro rivadavia,Comodoro Rivadavia,-45.87,-67.5,39.2,60,0,9.17,AR,1595906480
325,samusu,,,,,,,,,
326,gobabis,Gobabis,-22.45,18.97,35.6,59,0,1.12,NA,1595906481
327,kirakira,Kirakira,-10.45,161.92,84.9,73,74,9.48,SB,1595906481
328,buy,Buy,58.48,41.53,61.79,82,0,0.87,RU,1595906482
329,swan hill,Swan Hill,-35.34,143.55,63.68,48,0,13.73,AU,1595906482
330,shuangcheng,Shuangcheng,45.35,126.28,80.6,74,40,8.95,CN,1595906482
331,tasiilaq,Tasiilaq,65.61,-37.64,39.2,93,38,2.62,GL,1595906482
332,viligili,,,,,,,,,
333,borogontsy,Borogontsy,62.67,131.17,63.36,95,100,3.15,RU,1595906483
334,baker city,Baker City,44.77,-117.83,84.2,35,1,5.82,US,1595906483
335,alikovo,Alikovo,55.74,46.75,66.2,88,20,2.24,RU,1595906484
336,la ronge,La Ronge,55.1,-105.28,75.2,47,5,4.7,CA,1595906484
337,launceston,Launceston,-41.45,147.17,55.99,71,20,17.22,AU,1595906485
338,meulaboh,Meulaboh,4.14,96.13,75.24,94,100,3.09,ID,1595906485
339,rungata,,,,,,,,,
340,ponta delgada,Ponta Delgada,37.73,-25.67,71.6,88,40,2.21,PT,1595906486
341,wangqing,Wangqing,43.32,129.76,73.02,73,98,5.75,CN,1595906487
342,linhares,Linhares,-19.39,-40.07,65.71,91,0,0.65,BR,1595906431
343,benguela,Benguela,-12.58,13.41,65.66,85,2,1.16,AO,1595906487
344,butembo,Butembo,0.15,29.28,55.56,98,21,2.71,CD,1595906488
345,le port,Le Port,-20.94,55.29,68,72,90,4.7,RE,1595906488
346,galdar,Gáldar,28.15,-15.65,71.6,78,20,27.51,ES,1595906489
347,labe,Labé,11.32,-12.28,66.06,100,100,2.48,GN,1595906489
348,skjervoy,Skjervøy,70.03,20.97,56.93,74,45,9.73,NO,1595906489
349,mount isa,Mount Isa,-20.73,139.5,71.6,19,0,12.75,AU,1595906490
350,sitka,Sitka,57.05,-135.33,57.2,82,90,3.36,US,1595906490
351,gao,Gao,16.64,1.64,78.31,72,96,16.55,ML,1595906491
352,bashtanka,Bashtanka,47.41,32.44,66.2,72,100,4.47,UA,1595906492
353,korla,Korla,41.76,86.15,81.93,22,0,14.47,CN,1595906295
354,port-gentil,Port-Gentil,-0.72,8.78,74.89,82,11,12.77,GA,1595906494
355,choix,Choix,26.71,-108.32,80.17,84,100,4.16,MX,1595906494
356,yulara,Yulara,-25.24,130.99,66.2,27,0,12.75,AU,1595906233
357,altamirano,Altamirano,16.88,-92.15,59.61,100,100,2.26,MX,1595906495
358,kitimat,Kitimat,54.05,-128.65,64.99,72,70,1.01,CA,1595906495
359,mogilno,Mogilno,52.66,17.96,66.2,77,97,4.7,PL,1595906496
360,mana,Mana,5.66,-53.78,77.25,84,97,0.74,GF,1595906496
361,puerto ayacucho,Puerto Ayacucho,5.66,-67.62,73.72,90,70,2.48,VE,1595906496
362,ust-tsilma,Ust-Tsilma,65.44,52.15,62.02,59,26,3.47,RU,1595906497
363,ust-kamchatsk,,,,,,,,,
364,dhar,Dhār,22.6,75.3,77,94,40,4.7,IN,1595906498
365,saint-joseph,Saint-Joseph,-21.37,55.62,68,82,90,5.82,RE,1595906498
366,dolinsk,Dolinsk,47.35,142.8,64.4,82,75,4.47,RU,1595906498
367,xadani,,,,,,,,,
368,norman wells,Norman Wells,65.28,-126.83,66.2,59,75,11.41,CA,1595906499
369,hasanabad,Ḩasanābād,36.55,61.05,84.2,32,0,2.24,IR,1595906499
370,hamilton,Hamilton,39.18,-84.53,73,94,1,4.7,US,1595906500
371,rypefjord,Rypefjord,70.63,23.67,66.2,59,7,18.34,NO,1595906500
372,manjeshwar,Manjeshwar,12.72,74.89,77,88,75,3.36,IN,1595906501
373,escarcega,Escárcega,18.61,-90.75,81.64,68,96,4.41,MX,1595906501
374,guerrero negro,Guerrero Negro,27.98,-114.06,67.86,85,0,18.7,MX,1595906502
375,canon city,Cañon City,38.44,-105.24,69.8,73,1,4.7,US,1595906502
376,seoul,Seoul,37.57,126.98,80.6,69,90,3.36,KR,1595906503
377,kimberley,Kimberley,-28.73,24.76,42.8,63,0,9.17,ZA,1595906503
378,savasleyka,Savasleyka,55.46,42.32,61.66,88,0,2.06,RU,1595906504
379,along,Along,28.17,94.77,78.01,86,100,1.05,IN,1595906504
380,souillac,Souillac,-20.52,57.52,64.4,93,40,5.82,MU,1595906504
381,tupelo,Tupelo,34.26,-88.7,78.8,83,1,1.07,US,1595906505
382,harbour breton,Harbour Breton,47.48,-55.8,59.58,92,80,1.1,CA,1595906505
383,doctor pedro p. pena,,,,,,,,,
384,reforma,La Reforma,18.1,-91.02,77.58,88,95,3.02,MX,1595906506
385,aksay,Aksay,47.26,39.87,75.2,47,20,15.66,RU,1595906507
386,mackay,Mackay,-21.15,149.2,75.2,17,0,11.41,AU,1595906508
387,makakilo city,Makakilo City,21.35,-158.09,86,51,1,12.75,US,1595906508
388,lazaro cardenas,Lázaro Cárdenas,17.96,-102.2,80.74,76,100,3.38,MX,1595906508
389,quatre cocos,Quatre Cocos,-20.21,57.76,68,93,40,5.82,MU,1595906509
390,vestmannaeyjar,Vestmannaeyjar,63.44,-20.27,50.13,77,0,19.71,IS,1595906509
391,goundi,Goundi,9.36,17.37,71.73,97,63,3.62,TD,1595906510
392,leningradskiy,Leningradskiy,69.38,178.42,38.44,75,20,10.27,RU,1595906510
393,ankazoabo,Ankazoabo,-22.28,44.52,53.58,80,0,9.19,MG,1595906511
394,neiafu,Neiafu,-18.65,-173.98,75.2,83,75,10.29,TO,1595906511
395,waverly,Waverly,42.74,-84.62,73.4,64,1,6.93,US,1595906512
396,umzimvubu,,,,,,,,,
397,kabanjahe,Kabanjahe,3.1,98.49,84.2,79,40,5.82,ID,1595906513
398,chiria,Chiria,22.3,85.27,82.35,75,100,2.59,IN,1595906513
399,olkhovka,Olkhovka,53.21,60.61,58.03,82,0,10.67,RU,1595906513
400,bilibino,Bilibino,68.05,166.44,59.31,42,60,9.62,RU,1595906514
401,banda aceh,Banda Aceh,5.56,95.32,83.59,71,100,14.52,ID,1595906515
402,san francisco,San Francisco,37.77,-122.42,61,77,40,13.87,US,1595905820
403,liberal,Liberal,37.04,-100.92,71.6,94,1,5.82,US,1595906516
404,abu samrah,Abu Samrah,35.3,37.18,77.5,51,6,3.51,SY,1595906517
405,labuhan,Labuhan,-6.88,112.21,82.8,64,94,6.13,ID,1595906517
406,rocky mountain house,Rocky Mountain House,52.37,-114.92,68.45,83,0,8.75,CA,1595906518
407,mezhdurechensk,Mezhdurechensk,53.69,88.06,69.98,67,21,1.81,RU,1595906518
408,caravelas,Caravelas,-17.71,-39.25,69.01,85,8,3,BR,1595906278
409,pahrump,Pahrump,36.21,-115.98,93.99,12,0,12.41,US,1595906489
410,skagastrond,,,,,,,,,
411,formosa do rio preto,Formosa do Rio Preto,-11.05,-45.19,67.44,68,36,5.06,BR,1595906519
412,tabukiniberu,,,,,,,,,
413,dolores,Dolores,-36.31,-57.68,39.18,76,25,9.78,AR,1595906520
414,togul,Togul,53.47,85.91,60.8,89,100,3.71,RU,1595906521
415,andevoranto,,,,,,,,,
416,iqaluit,Iqaluit,63.75,-68.51,51.8,87,75,2.24,CA,1595906521
417,lake city,Lake City,30.19,-82.64,78.8,94,1,3.36,US,1595906274
418,mahanoro,Mahanoro,-19.9,48.8,66.15,88,100,6.85,MG,1595906522
419,umm lajj,Umluj,25.02,37.27,83.86,77,50,3.65,SA,1595906523
420,kahului,Kahului,20.89,-156.47,86,51,20,27.51,US,1595906523
421,khandyga,Khandyga,62.67,135.6,62.91,94,100,2.1,RU,1595906524
422,sinnamary,Sinnamary,5.38,-52.95,77.99,84,69,5.44,GF,1595906262
423,los llanos de aridane,Los Llanos de Aridane,28.66,-17.92,73.4,73,90,16.11,ES,1595906525
424,codrington,Codrington,-38.27,141.97,55.9,67,46,2.71,AU,1595906525
425,antalaha,Antalaha,-14.9,50.28,72.09,80,98,8.81,MG,1595906526
426,maghama,,,,,,,,,
427,whitehorse,Whitehorse,60.72,-135.05,53.6,76,75,2.24,CA,1595906527
428,commerce,Commerce,34,-118.16,68,72,90,8.72,US,1595906527
429,sao filipe,São Filipe,14.9,-24.5,75.83,77,97,7.14,CV,1595906527
430,ribeira grande,Ribeira Grande,38.52,-28.7,73.27,88,6,5.35,PT,1595906528
431,ossora,Ossora,59.24,163.07,66.51,62,2,6.64,RU,1595906528
432,rawson,Rawson,-43.3,-65.1,42.35,64,0,19.06,AR,1595906528
433,griffith,Griffith,41.53,-87.42,71.6,68,1,3.36,US,1595906529
434,utinga,Utinga,-5.82,-35.4,71.6,94,75,4.7,BR,1595906529
435,rabo de peixe,Rabo de Peixe,37.8,-25.58,71.6,88,40,1.88,PT,1595906529
436,ahuimanu,‘Āhuimanu,21.44,-157.84,86,62,75,13.87,US,1595906530
437,menongue,Menongue,-14.66,17.69,45.81,58,0,4.79,AO,1595906530
438,esil,Esil,51.96,66.4,61.86,69,12,14.23,KZ,1595906530
439,riyadh,Riyadh,24.69,46.72,87.8,31,13,4,SA,1595906353
440,lagoa,Lagoa,39.05,-27.98,72.9,88,0,5.68,PT,1595906531
441,la palma,La Palma,33.85,-118.05,70,68,1,10.29,US,1595906531
442,suraabad,Şuraabad,40.82,49.47,82.4,58,0,23.04,AZ,1595906532
443,marsa matruh,Marsá Maţrūḩ,31.35,27.25,76.12,83,0,11.68,EG,1595906273
444,manbij,Manbij,36.53,37.95,73.4,49,75,3.02,SY,1595906533
445,makung,,,,,,,,,
446,ilebo,Ilebo,-4.32,20.58,67.86,61,0,0.58,CD,1595906534
447,amahai,Amahai,-3.33,128.92,79.52,82,98,11.16,ID,1595906534
448,necochea,Necochea,-38.55,-58.74,41,91,65,5.99,AR,1595906535
449,maunabo,Maunabo,18.01,-65.9,80.01,92,8,3,PR,1595906535
450,staryy nadym,Staryy Nadym,65.61,72.68,53.15,64,90,13.31,RU,1595906536
451,yuanping,Yuanping,38.72,112.76,80.26,57,4,5.3,CN,1595906536
452,misrikh,Misrikh,27.45,80.52,90.07,61,94,1.95,IN,1595906536
453,pirovskoye,Pirovskoye,57.63,92.27,69.06,57,6,3.09,RU,1595906537
454,roald,Roald,62.58,6.13,61,72,80,2.24,NO,1595906538
455,ahipara,Ahipara,-35.17,173.17,60.55,66,58,10.45,NZ,1595906539
456,tukrah,Tūkrah,32.53,20.58,74.37,79,32,8.84,LY,1595906539
457,nelson bay,Nelson Bay,-32.72,152.15,57,100,90,18.34,AU,1595906539
458,sept-iles,Sept-Îles,50.2,-66.38,63,88,40,5.26,CA,1595906539
459,quesnel,Quesnel,53,-122.5,73.4,69,90,11.41,CA,1595906540
460,ostrovnoy,Ostrovnoy,68.05,39.51,60.04,76,9,1.14,RU,1595906540
461,vanavara,Vanavara,60.34,102.28,60.94,91,100,2.42,RU,1595906541
462,benin,Benin,9.5,2.25,71.49,96,96,2.95,BJ,1595906542
463,skibbereen,Skibbereen,51.55,-9.27,53.6,87,75,13.87,IE,1595906542
464,adrar,Adrar,20.5,-10.07,90.82,37,2,20.27,MR,1595906543
465,ust-karsk,Ust'-Karsk,52.7,118.81,89.04,35,29,10.04,RU,1595906543
466,tagusao,Tagusao,9.19,117.81,83.07,77,100,5.23,PH,1595906544
467,hailar,Hailar,49.2,119.7,87.04,35,80,15.57,CN,1595906544
468,luancheng,Luancheng,37.88,114.65,80.6,65,69,2.24,CN,1595906544
469,gladstone,Gladstone,-23.85,151.25,71.6,35,0,10.29,AU,1595906545
470,chapais,Chapais,49.78,-74.85,66.2,93,90,2.24,CA,1595906260
471,samana,Samaná,19.21,-69.34,77.97,86,69,8.7,DO,1595906545
472,puerto suarez,Puerto Suárez,-18.95,-57.8,72.55,50,0,2.86,BO,1595906546
473,mahajanga,Mahajanga,-15.72,46.32,69.8,88,40,2.24,MG,1595906546
474,prince rupert,Prince Rupert,54.32,-130.32,57.2,87,20,4.7,CA,1595906546
475,naryan-mar,Naryan-Mar,67.67,53.09,56.25,68,100,8.37,RU,1595906547
476,ipeti,,,,,,,,,
477,alto baudo,,,,,,,,,
478,tres picos,Tres Picos,15.87,-93.53,79.93,77,99,2.08,MX,1595906548
479,praia da vitoria,Praia da Vitória,38.73,-27.07,73.4,94,5,3.69,PT,1595906548
480,muramvya,Muramvya,-3.27,29.61,54.37,82,2,1.59,BI,1595906549
481,hedaru,Hedaru,-4.5,37.9,64.58,85,76,9.86,TZ,1595906550
482,ingham,Ingham,42.6,-84.38,70,77,1,5.82,US,1595906550
483,umba,Umba,66.69,34.34,59.14,73,43,2.89,RU,1595906550
484,sindor,Sindor,62.86,51.89,65.43,69,66,3.2,RU,1595906551
485,luanda,Luanda,-8.84,13.23,71.6,83,75,6.93,AO,1595906551
486,cabedelo,Cabedelo,-6.98,-34.83,75.04,82,33,15.95,BR,1595906547
487,vermilion,Vermilion,40.17,-87.75,75.2,100,90,4.7,US,1595906552
488,shihezi,Shihezi,44.3,86.03,77.65,35,3,3.87,CN,1595906552
489,vestmanna,Vestmanna,62.16,-7.17,46.4,93,78,18.34,FO,1595906552
490,narsaq,Narsaq,60.92,-46.05,46.4,87,100,3.36,GL,1595906553
491,shamkhal,Shamkhal,43.06,47.34,78.8,65,0,4.47,RU,1595906553
492,la asuncion,La Asuncion,11.03,-63.86,80.6,88,53,4.7,VE,1595906554
493,lorengau,Lorengau,-2.02,147.27,84.24,71,71,1.86,PG,1595906554
494,otake,Ōtake,34.2,132.22,80.6,83,90,3.36,JP,1595906554
495,canico,Caniço,32.63,-16.85,71.6,68,20,14.99,PT,1595906554
496,deming,Deming,32.27,-107.76,82.4,30,1,5.82,US,1595906555
497,pacific grove,Pacific Grove,36.62,-121.92,62.6,77,75,5.82,US,1595906555
498,avera,Avera,33.19,-82.53,82.4,74,1,4.7,US,1595906556
499,coari,Coari,-4.08,-63.14,76.35,76,10,1.86,BR,1595906556
500,olovyannaya,Olovyannaya,50.95,115.57,74.88,63,95,19.06,RU,1595906556
501,santiago de cao,Santiago de Cao,-7.96,-79.24,59.14,90,16,9.86,PE,1595906557
502,mpophomeni,Mpophomeni,-29.57,30.19,52,91,1,5.08,ZA,1595906557
503,aswan,Aswān,24.09,32.91,87.1,20,23,10.78,EG,1595906558
504,marcona,,,,,,,,,
505,belaya gora,Belaya Gora,68.53,146.42,51.35,64,100,7.65,RU,1595906558
506,cloquet,Cloquet,46.72,-92.46,66.2,63,1,5.82,US,1595906559
507,buala,Buala,-8.14,159.59,85.1,73,27,7.38,SB,1595906559
508,oxford,Oxford,51.75,-1.26,54,93,0,8.05,GB,1595906444
509,kupang,Kupang,-10.17,123.58,84.2,58,40,14.99,ID,1595906560
510,pandegelang,Pandegelang,-6.31,106.11,87.8,55,20,5.82,ID,1595906560
511,westlock,Westlock,54.15,-113.87,78.8,54,1,8.05,CA,1595906561
512,myitkyina,Myitkyina,25.38,97.4,88.2,64,92,1.14,MM,1595906561
513,ngama,Ngama,11.78,17.17,75.74,68,69,6.2,TD,1595906561
514,ordynskoye,Ordynskoye,54.37,81.9,64.47,76,26,1.9,RU,1595906562
515,itarema,Itarema,-2.92,-39.92,76.35,83,0,12.8,BR,1595906562
516,uruzgan,Oruzgan,32.83,66,79.05,18,0,3.56,AF,1595906562
517,vila franca do campo,Vila Franca do Campo,37.72,-25.43,71.6,88,40,1.79,PT,1595906562
518,khonuu,,,,,,,,,
519,guangyuan,Guangyuan,32.44,105.82,80.01,75,100,1.88,CN,1595906563
520,ayagoz,Ayagoz,47.97,80.44,74.48,41,33,15.66,KZ,1595906563
521,barcelona,Barcelona,41.39,2.16,80.01,64,47,5.82,ES,1595906414
522,kamenka,Kamenka,51.32,42.77,64,65,0,8.01,RU,1595906564
523,sarakhs,Sarakhs,36.54,61.16,84.2,32,0,2.24,IR,1595906565
524,sibenik,Šibenik,43.73,15.91,69.8,60,0,1.12,HR,1595906565
525,raudeberg,Raudeberg,61.99,5.14,62.01,72,100,12.75,NO,1595906566
526,manavalakurichi,Manavālakurichi,8.13,77.3,84.2,79,20,6.93,IN,1595906566
527,beringovskiy,Beringovskiy,63.05,179.32,65.77,59,0,2.21,RU,1595906567
528,diphu,Diphu,25.83,93.43,88.21,61,96,0.22,IN,1595906567
529,bengkulu,Bengkulu,-3.8,102.27,83.07,61,100,6.55,ID,1595906568
530,constitucion,Constitución,-35.33,-72.42,44.65,67,0,10.25,CL,1595906568
531,pavlodar,Pavlodar,52.3,76.95,68,68,90,11.18,KZ,1595906568
532,vila,Vila,42.03,-8.16,66.2,100,90,3.36,PT,1595906569
533,ancud,Ancud,-41.87,-73.82,41,100,75,2.24,CL,1595906569
534,luganville,Luganville,-15.53,167.17,80.6,83,75,6.93,VU,1595906569
535,alvaraes,Alvarães,-3.22,-64.8,75.22,84,0,2.62,BR,1595906570
536,ksenyevka,,,,,,,,,
537,bubaque,Bubaque,11.28,-15.83,79.47,84,100,16.17,GW,1595906571
538,evensk,Evensk,61.95,159.23,54.7,85,95,8.95,RU,1595906571
539,ilo,Ilo,-17.64,-71.34,58.41,78,85,3.33,PE,1595906571
540,nantucket,Nantucket,41.28,-70.1,73.4,94,1,11.41,US,1595906572
541,sola,Sola,-13.88,167.55,80.26,83,82,22.59,VU,1595906572
542,mandera,Mandera,3.94,41.87,77.77,65,89,16.67,KE,1595906572
543,russell,Russell,32.35,-85.2,84.2,94,1,3.36,US,1595906572
544,kazalinsk,,,,,,,,,
545,aykhal,Aykhal,66,111.5,48.2,70,90,4.47,RU,1595906574
546,hervey bay,Hervey Bay,-25.3,152.85,71.01,49,0,3,AU,1595906574
547,yaan,Yaan,7.38,8.57,71.33,98,100,5.14,NG,1595906575
548,andijon,Andijan,40.78,72.34,78.01,91,74,11.01,UZ,1595906575
549,imeni poliny osipenko,Imeni Poliny Osipenko,52.42,136.49,81.14,59,76,8.63,RU,1595906575
550,ariquemes,Ariquemes,-9.91,-63.04,76.14,61,100,1.36,BR,1595906576
551,asau,Asău,46.43,26.4,59,86,38,4.63,RO,1595906301
552,yasenskaya,Yasenskaya,46.36,38.27,71.67,87,11,6.04,RU,1595906576
553,vilyuysk,Vilyuysk,63.76,121.62,61.9,51,100,9.04,RU,1595906577
554,kalmunai,Kalmunai,7.42,81.82,78.3,83,100,11.77,LK,1595906577
555,diego de almagro,Diego de Almagro,-26.37,-70.05,50.61,60,0,2.28,CL,1595906577
556,teguise,Teguise,29.06,-13.56,71.6,83,3,18.34,ES,1595906578
557,krasnoborsk,Krasnoborsk,61.56,45.93,63.7,80,13,2.75,RU,1595906578
558,soyo,Soyo,-6.13,12.37,72.88,80,89,7.38,AO,1595906578
559,choya,Choya,52.01,86.55,68.99,79,18,0.81,RU,1595906579
560,ibra,Ibrā’,22.69,58.53,81.03,70,0,5.3,OM,1595906579
561,minab,Mīnāb,27.15,57.08,89.6,75,40,9.17,IR,1595906580
562,ampanihy,Ampanihy,-24.7,44.75,55.8,93,0,5.3,MG,1595906580
563,bath,Bath,51.38,-2.36,55.99,90,7,1.99,GB,1595906580
564,rakovski,Rakovski,42.3,24.97,69.8,82,5,9.17,BG,1595906581
565,khoy,Khoy,38.55,44.95,80.51,34,80,2.77,IR,1595906582
566,uniontown,Uniontown,39.9,-79.72,73.99,76,34,6.04,US,1595906512
567,west wendover,West Wendover,40.74,-114.07,69.8,73,90,11.41,US,1595906584
568,kholuy,Kholuy,56.58,41.87,62.33,87,0,1.52,RU,1595906586
569,karkaralinsk,,,,,,,,,
570,bar harbor,Bar Harbor,44.39,-68.2,75.2,88,90,5.82,US,1595906587
571,umm kaddadah,Umm Kaddadah,13.6,26.69,84.09,54,98,11.5,SD,1595906587
572,chino valley,Chino Valley,34.76,-112.45,84.99,24,1,6.93,US,1595906345
573,weyburn,Weyburn,49.67,-103.85,66,68,0,4,CA,1595906588
574,normandin,Normandin,48.83,-72.53,69.8,94,90,3.02,CA,1595906588
575,rudnogorsk,Rudnogorsk,57.26,103.75,61.21,89,100,2.33,RU,1595906589
576,cidreira,Cidreira,-30.18,-50.21,58.71,97,97,6.22,BR,1595906589
577,altamont,Altamont,42.21,-121.74,73.99,40,20,6.93,US,1595906589
578,wahiawa,Wahiawā,21.5,-158.02,86,65,20,14.99,US,1595906590
579,birjand,Birjand,32.87,59.22,77,22,0,4.7,IR,1595906366
580,port lincoln,Port Lincoln,-34.73,135.87,56.86,52,93,8.1,AU,1595906591
581,petropavlovsk-kamchatskiy,Petropavlovsk-Kamchatskiy,53.05,158.65,77,53,49,11.18,RU,1595906591
582,manado,Manado,1.49,124.85,89.6,62,20,5.82,ID,1595906591
583,kunda,Kunda,25.72,81.52,92.34,54,100,7.9,IN,1595906592
584,san quintin,San Quintín,30.48,-115.95,66.63,85,0,15.1,MX,1595906295
585,barra do corda,Barra do Corda,-5.5,-45.25,69.48,57,3,1.3,BR,1595906594
586,kawalu,Kawalu,-7.38,108.21,76.98,75,88,5.19,ID,1595906594
587,howard springs,Howard Springs,-12.5,131.05,86,14,83,11.41,AU,1595906594
588,morrope,Mórrope,-6.54,-80.01,60.01,83,16,1.99,PE,1595906595
589,mahalapye,Mahalapye,-23.1,26.81,43.41,92,0,6.33,BW,1595906595
590,hanna,Hanna,51.63,-111.9,73,64,0,1.01,CA,1595906596
591,ninghai,Ninghai,29.29,121.42,93.2,63,100,6.71,CN,1595906596
592,san lorenzo,San Lorenzo,-25.33,-57.53,71.6,78,39,8.05,PY,1595906596
593,aloleng,Aloleng,16.13,119.78,87.51,63,81,4.56,PH,1595906597
594,belyy yar,Belyy Yar,53.6,91.39,68,72,100,2.24,RU,1595906597
595,ketchikan,Ketchikan,55.34,-131.65,60.8,67,40,11.41,US,1595906598
596,dubbo,Dubbo,-32.25,148.62,60.8,67,90,11.41,AU,1595906598
597,flinders,Flinders,-34.58,150.86,63,80,99,8.99,AU,1595906599
598,yar-sale,Yar-Sale,66.83,70.83,56.14,56,83,15.46,RU,1595906414
599,ayutla,Ayutla,20.12,-104.33,67.23,84,100,2.19,MX,1595906600
600,green river,Green River,41.53,-109.47,71.6,35,1,13.87,US,1595906600
601,xining,Xining,36.62,101.77,69.37,46,18,1.74,CN,1595906601
602,miles city,Miles City,46.41,-105.84,80.6,30,1,11.41,US,1595906391
603,ozernovskiy,Ozernovskiy,51.5,156.52,53.89,90,99,12.84,RU,1595906602
604,dalvik,Dalvik,65.97,-18.53,44.6,87,90,8.05,IS,1595906602
605,jijiga,Jijiga,9.35,42.8,62.62,78,96,20.22,ET,1595906603
606,gisborne,Gisborne,-38.65,178,61,51,0,4,NZ,1595906403
607,general roca,General Roca,-39.03,-67.58,39.2,69,0,4.7,AR,1595906603
608,uhlove,Uglovoye,44.82,33.6,70.54,86,91,7.2,UA,1595906604
609,odweyne,Oodweyne,9.41,45.06,72.27,59,43,13.85,SO,1595906604
610,wulanhaote,,,,,,,,,
611,srednekolymsk,Srednekolymsk,67.45,153.68,49.69,86,99,12.88,RU,1595906605
612,mogadishu,Mogadishu,2.04,45.34,77.7,85,92,20.94,SO,1595906605
613,viedma,Viedma,-40.81,-63,34,85,71,1.99,AR,1595906606
614,sembe,Sémbé,1.65,14.58,68.77,88,0,3.42,CG,1595906606
615,lircay,Lircay,-12.99,-74.72,43.99,65,1,1.28,PE,1595906607
616,baykit,Baykit,61.67,96.37,65.26,59,96,1.92,RU,1595906607
617,bouna,Bouna,9.27,-3,70.3,93,98,7.43,CI,1595906607
618,decatur,Decatur,39.84,-88.95,77,94,40,5.82,US,1595906608
619,narodychi,Narodychi,51.2,29.08,64.29,86,52,1.83,UA,1595906608
620,minbu,Minbu,20.18,94.88,85.05,74,94,6.4,MM,1595906608
621,aklavik,Aklavik,68.22,-135.01,64.4,59,75,14.99,CA,1595906609
622,catamarca,San Fernando del Valle de Catamarca,-28.47,-65.79,50,43,0,3,AR,1595906434
623,basco,Basco,20.45,121.97,85.17,73,94,6.26,PH,1595906610
624,copenhagen,Copenhagen,55.68,12.57,63,88,100,14.99,DK,1595906476
625,angoche,Angoche,-16.23,39.91,70.05,77,40,11.59,MZ,1595906610
626,avallon,Avallon,47.48,3.9,60.96,87,12,9.55,FR,1595906611
